train_loss,val_loss,train_loss_iterations,test_acc,config
"[0.0829379426509142, 0.028846497809886934, 0.015679164239764214, 0.008985216554999351, 0.0054026421684771776, 0.003646882832236588]","[0.040501050651073456, 0.025415988638997078, 0.022578520700335503, 0.022382520139217377, 0.02238754741847515, 0.02321578934788704]",[],"[533, 816, 605, 627, 739, 721]","{'loss': 'CTC', 'bs': 64, 'lr': 8e-05, 'epochs': 6, 'imgdim': (224, 224)}"
