train_loss,val_loss,train_loss_iterations,test_acc,test_cer,config
"[5.073044994831085, 1.6882500197410584, 0.906498404932022, 0.5281801384806633, 0.342843437063694, 0.24163749706447124]","[2.361161470413208, 1.4894341230392456, 1.309110164642334, 1.3551911115646362, 1.343063473701477, 1.400599718093872]",[],"[555, 756, 692, 719, 632, 616]","[0.9259259259259258, 0.6466049382716049, 0.7255566578483246, 0.6845513668430335, 0.7873126102292768, 0.8401124338624338]","{'loss': 'CTC', 'bs': 64, 'lr': 0.0001, 'epochs': 6, 'imgdim': (224, 224)}"
