train_loss,val_loss,train_loss_iterations,test_acc,test_cer,config
"[17.102984110514324, 14.530801137288412, 13.171467781066895, 12.367207845052084]","[15.1533842086792, 13.358545303344727, 12.36707878112793, 11.694125175476074]",[],"[0, 0, 0, 0]","[2.771549823633157, 2.828979276895944, 2.828979276895944, 2.828979276895944]","{'loss': 'CTC', 'bs': 64, 'lr': 9e-05, 'epochs': 6, 'imgdim': (224, 224)}"
