train_loss,val_loss,train_loss_iterations,test_acc,config
"[0.07655438775718212, 0.02438745012432337, 0.01395105617530644, 0.009588008146174252, 0.006607174570951611, 0.005714219162147492]","[0.03403974696993828, 0.02250618115067482, 0.019551608711481094, 0.018801625818014145, 0.020108690485358238, 0.018934212625026703]",[],"[604, 740, 693, 679, 708, 752]","{'loss': 'CTC', 'bs': 64, 'lr': 0.0002, 'epochs': 6, 'imgdim': (224, 224)}"
