train_loss,val_loss,train_loss_iterations,test_acc,config
"[0.08100787920206785, 0.02759366030395031, 0.014913214324787259]","[0.038720156997442245, 0.02531423233449459, 0.022604389116168022]",[],"[546, 799, 710]","{'loss': 'CTC', 'bs': 64, 'lr': 9e-05, 'epochs': 6, 'imgdim': (224, 224)}"
