train_loss,val_loss,train_loss_iterations,test_acc,config
"[0.07925111823827029, 0.026373648539930582, 0.01420993423461914, 0.008282130772061646, 0.00519867503112182, 0.003941229249862954]","[0.03680892288684845, 0.02396099455654621, 0.021093783900141716, 0.02089381031692028, 0.02162921242415905, 0.022704079747200012]",[],"[574, 832, 698, 521, 682, 641]","{'loss': 'CTC', 'bs': 64, 'lr': 0.0001, 'epochs': 6, 'imgdim': (224, 224)}"
