train_loss,val_loss,train_loss_iterations,test_acc,test_cer,config
"[5.071956162166596, 1.687561345434189, 0.9077995473146439, 0.5360365901589393, 0.33646111479401586, 0.2389075836956501, 0.19963398912250996, 0.18309580106586218, 0.13899942983090877, 0.11917196599543095]","[2.372903823852539, 1.5180165767669678, 1.278883934020996, 1.333375334739685, 1.3241233825683594, 1.4111440181732178, 1.480063796043396, 1.4847108125686646, 1.4967542886734009, 1.5160901546478271]",[],"[559, 758, 676, 647, 577, 787, 511, 761, 755, 811]","[0.9467041446208113, 0.6321373456790124, 0.7670855379188714, 0.7932649911816577, 0.8754684744268078, 0.656360229276896, 0.9747023809523809, 0.6340939153439153, 0.6320546737213404, 0.6043320105820106]","{'loss': 'CTC', 'bs': 64, 'lr': 0.0001, 'epochs': 10, 'imgdim': (224, 224)}"
